Frame,Plane1vsYOZ,Plane2vsPlane1,Plane3vsPlane2,Theta0_Plane1,Theta0_Plane2,Theta0_Plane3,PCC_Theta_Plane1,PCC_Theta_Plane2,PCC_Theta_Plane3
1,34.06,54.95,5.38,39.25,57.83,45.87,38.68,61.46,46.80
1,34.06,54.95,5.38,39.25,57.83,45.87,38.68,61.46,46.80
2,31.93,47.86,8.26,39.17,58.52,46.31,38.72,62.23,47.38
3,29.78,44.28,10.05,40.19,58.78,46.74,39.70,62.54,47.98
4,28.47,41.79,11.14,41.31,59.09,47.13,40.98,62.94,48.52
5,27.88,39.61,22.40,43.00,59.91,42.34,42.86,63.95,43.33
6,27.78,38.84,22.85,44.87,60.13,41.07,44.97,64.23,42.02
7,27.57,39.62,20.97,46.99,60.29,40.17,47.36,64.33,41.06
8,27.48,38.97,22.25,49.02,60.89,38.35,49.65,65.06,39.15
9,27.59,38.43,23.45,50.94,61.49,36.11,51.85,65.77,36.78
10,27.71,37.76,25.22,52.31,61.99,33.10,53.48,66.38,33.60
11,27.67,37.08,25.71,53.42,62.54,30.62,54.75,67.06,31.02
12,27.37,36.33,28.50,54.00,63.04,27.19,55.37,67.69,27.46
13,27.42,35.32,10.97,54.44,63.67,25.87,55.89,68.45,26.10
14,27.45,34.74,7.56,54.84,63.84,23.79,56.36,68.65,23.99
15,27.44,34.09,15.93,54.80,63.46,24.30,56.34,68.24,24.54
16,27.55,33.40,24.02,54.99,63.90,25.25,56.59,68.83,25.54
17,29.99,35.02,28.68,61.18,64.59,26.11,63.98,69.69,26.44
18,30.68,35.13,34.05,61.43,64.84,26.70,64.33,70.03,27.06
19,30.77,34.67,42.40,60.98,64.99,32.28,63.81,70.24,32.86
20,30.65,34.37,45.08,60.72,65.29,31.68,63.52,70.57,32.24
21,30.80,34.14,45.16,60.27,65.18,29.77,62.98,70.43,30.28
22,30.65,33.71,48.69,59.77,65.47,30.50,62.41,70.73,31.02
23,30.85,33.26,50.98,59.24,65.40,29.69,61.82,70.64,30.17
24,31.03,33.18,52.87,58.73,65.47,29.47,61.29,70.67,29.94
25,31.50,33.25,55.28,58.85,65.40,28.31,61.53,70.56,28.70
26,31.61,32.89,57.28,58.58,65.22,27.28,61.24,70.33,27.62
27,32.44,33.12,56.14,59.05,65.14,24.84,61.81,70.20,25.08
28,32.99,33.52,60.85,59.17,65.29,25.99,62.01,70.35,26.16
29,33.49,33.65,60.77,59.24,65.06,25.19,62.15,69.99,25.31
30,34.05,34.06,58.33,59.60,64.89,23.32,62.58,69.71,23.42
31,34.54,34.27,55.21,59.83,64.48,21.65,62.90,69.20,21.69
32,32.47,32.18,59.25,56.82,64.10,18.78,59.12,68.70,18.78
33,32.87,32.29,58.75,56.93,63.51,18.63,59.25,67.95,18.61
34,33.33,33.04,59.41,56.97,63.20,18.57,59.26,67.59,18.53
35,33.73,33.27,59.05,56.73,62.51,17.92,58.97,66.82,17.88
36,34.14,33.60,62.49,56.69,62.20,18.47,58.95,66.47,18.41
37,34.43,33.65,63.54,56.38,62.08,18.19,58.60,66.40,18.13
38,34.79,33.90,67.08,56.36,61.71,18.31,58.62,65.97,18.23
39,35.03,34.14,69.08,55.98,61.15,18.14,58.18,65.30,18.04
40,35.29,33.79,70.31,55.95,61.59,18.02,58.14,65.94,17.90
41,35.43,33.64,73.24,55.61,60.95,18.09,57.73,65.16,17.95
42,35.52,33.41,73.54,55.50,60.74,17.16,57.62,64.92,17.01
43,35.60,32.85,76.59,55.24,60.69,17.51,57.34,64.86,17.32
44,35.57,32.32,79.03,55.07,60.14,17.29,57.11,64.18,17.10
45,35.36,31.36,78.15,54.87,59.99,16.43,56.90,63.99,16.19
46,35.28,30.54,77.89,54.45,59.38,14.92,56.40,63.27,14.70
47,35.16,29.64,79.47,54.32,58.95,14.00,56.25,62.78,13.75
48,34.99,28.86,79.23,54.24,57.58,12.83,56.14,61.04,12.56
49,34.62,28.06,81.51,54.19,57.30,12.48,56.10,60.65,12.20
50,34.28,26.77,83.10,53.71,56.71,12.57,55.61,59.93,12.28
51,33.95,25.80,88.25,53.76,56.28,12.44,55.67,59.41,12.12
52,33.63,24.72,88.69,53.75,56.06,12.61,55.68,59.12,12.24
53,33.26,24.10,89.14,53.71,55.35,12.76,55.62,58.36,12.35
54,32.81,23.03,88.47,53.88,54.94,14.02,55.84,57.78,13.54
55,32.53,22.03,88.33,53.67,55.62,15.14,55.61,58.67,14.63
56,32.31,21.53,86.20,53.46,55.46,16.48,55.36,58.48,15.94
57,32.04,20.71,84.87,53.36,55.27,17.12,55.24,58.29,16.47
58,31.77,20.04,84.50,53.53,54.94,17.87,55.44,57.90,17.20
59,31.70,19.21,83.75,53.33,54.63,18.24,55.22,57.60,17.54
60,31.62,18.52,83.28,53.11,54.56,18.04,55.01,57.54,17.33
61,31.37,17.80,82.51,53.17,54.33,17.76,55.00,57.28,17.04
62,31.28,17.25,81.63,52.99,53.98,17.42,54.88,56.86,16.69
63,31.10,16.55,81.09,53.15,53.74,16.76,55.03,56.57,16.01
64,31.14,16.04,80.58,53.00,53.64,16.19,54.92,56.47,15.44
65,30.90,15.67,77.69,53.08,53.37,15.97,54.98,56.15,15.20
66,30.90,15.21,75.62,53.13,53.25,15.24,55.13,56.00,14.48
67,30.69,14.48,72.84,53.13,52.97,15.44,55.07,55.69,14.72
68,30.47,13.71,69.56,53.13,53.10,15.68,55.10,55.85,14.84
69,30.29,13.30,65.84,53.03,52.92,15.79,54.99,55.64,14.92
70,30.03,12.52,62.78,53.07,52.81,16.33,55.06,55.53,15.39
71,29.91,11.99,60.60,53.41,52.85,16.79,55.47,55.61,15.81
72,29.79,11.22,57.95,53.25,52.89,17.52,55.34,55.64,16.46
73,29.56,10.55,56.63,53.49,52.62,18.01,55.62,55.34,16.93
74,29.43,9.87,55.22,53.44,52.97,18.55,55.59,55.77,17.42
75,29.36,9.63,52.76,53.48,52.90,19.24,55.65,55.68,18.03
76,29.19,8.89,51.29,53.51,52.73,19.61,55.71,55.49,18.34
77,29.11,8.54,49.37,53.07,52.40,19.93,55.24,55.09,18.59
78,29.05,7.80,47.64,53.09,52.28,20.15,55.29,54.95,18.75
79,28.90,7.35,45.37,53.01,52.09,20.40,55.20,54.73,18.92
80,28.88,6.70,43.35,53.02,52.12,20.81,55.21,54.76,19.24
81,28.84,5.99,41.66,52.68,52.07,21.60,54.84,54.72,19.94
82,28.75,5.44,39.55,52.67,52.06,22.39,54.83,54.72,20.68
83,28.81,5.19,37.29,52.49,51.61,23.65,54.65,54.18,21.81
84,28.75,4.68,35.38,52.96,51.82,25.25,55.14,54.46,23.23
85,28.86,4.44,33.26,52.87,51.93,27.21,55.02,54.59,25.03
86,28.90,4.04,31.52,52.74,51.78,29.43,54.89,54.42,27.09
87,29.02,3.92,29.49,52.70,51.14,31.92,54.84,53.64,29.43
88,29.06,3.66,27.75,52.68,50.92,34.55,54.83,53.37,31.89
89,29.18,3.45,26.34,52.61,50.87,37.23,54.74,53.31,34.47
90,29.19,3.13,25.02,52.46,50.96,40.00,54.58,53.41,37.12
91,29.35,2.92,23.88,52.47,51.08,42.78,54.59,53.57,39.78
92,29.51,2.76,22.91,52.43,50.99,45.54,54.54,53.47,42.49
93,29.64,2.57,22.12,52.57,51.49,47.95,54.71,54.06,44.98
94,29.81,2.46,21.28,52.52,51.65,50.60,54.63,54.24,47.66
95,30.00,2.51,20.69,52.53,51.50,53.09,54.66,54.06,50.37
96,30.16,2.46,20.13,52.55,51.50,55.66,54.69,54.06,53.14
97,30.36,2.67,19.74,52.64,51.50,58.28,54.79,54.05,56.04
98,30.60,2.98,19.46,52.54,51.41,60.72,54.70,53.96,58.78
99,30.81,3.15,19.39,52.33,51.70,62.90,54.45,54.29,61.31
100,31.08,3.56,19.41,52.25,51.84,65.23,54.38,54.46,63.96
101,31.28,3.97,19.48,52.17,51.69,67.58,54.30,54.27,66.58
102,31.51,4.40,19.63,51.83,51.75,69.33,53.94,54.34,68.67
103,31.71,4.55,19.92,51.55,51.82,70.83,53.60,54.43,70.45
104,31.92,5.05,20.14,51.39,52.09,71.79,53.42,54.75,71.69
105,32.21,5.48,20.26,51.24,51.96,72.82,53.23,54.59,73.06
106,32.40,6.10,20.34,51.12,51.69,73.92,53.09,54.27,74.47
107,32.66,6.78,20.32,51.00,51.58,74.88,52.96,54.16,75.84
108,32.81,7.60,20.22,50.83,51.31,75.81,52.77,53.85,77.13
109,33.00,8.43,20.07,50.66,50.88,76.56,52.57,53.36,78.16
110,33.23,9.09,19.94,50.49,50.56,77.20,52.36,53.00,79.03
111,33.33,10.06,19.74,50.48,50.25,77.70,52.36,52.65,79.67
112,33.56,10.82,19.45,50.29,50.03,77.96,52.16,52.41,80.09
113,33.78,11.60,19.14,50.10,49.71,78.23,51.93,52.04,80.45
114,33.87,12.61,18.79,49.84,49.50,78.25,51.64,51.81,80.55
115,34.12,13.34,18.45,49.69,49.39,78.29,51.49,51.68,80.58
116,34.49,13.99,18.08,50.05,49.16,78.48,51.84,51.43,80.87
117,34.65,14.83,17.70,49.40,49.29,78.56,51.14,51.56,80.86
118,34.95,15.34,17.41,49.19,49.09,78.00,50.88,51.33,80.06
119,34.97,15.89,17.28,48.91,49.08,77.41,50.58,51.32,79.28
120,35.79,15.67,17.15,46.80,49.07,76.94,48.28,51.31,78.64
121,36.18,16.37,16.97,46.39,48.76,76.35,47.83,50.95,77.84
122,36.40,16.84,17.03,46.07,48.62,75.74,47.47,50.79,77.01
123,36.73,16.99,17.10,46.88,48.73,75.23,48.35,50.92,76.28
124,37.12,17.35,17.18,46.80,48.54,74.64,48.27,50.71,75.46
125,37.35,18.38,16.95,46.87,48.02,74.09,48.32,50.11,74.63
126,37.71,18.99,16.93,46.94,47.93,73.52,48.40,50.00,73.82
127,38.04,19.42,17.11,46.87,47.61,72.99,48.34,49.64,73.03
128,38.43,19.87,17.11,47.15,47.34,72.34,48.66,49.33,72.03
129,38.68,20.57,17.02,46.78,47.12,71.71,48.25,49.08,71.11
130,38.93,21.51,16.71,46.74,47.11,70.82,48.22,49.07,69.91
131,39.35,21.58,16.78,46.92,46.80,70.09,48.42,48.72,68.88
132,39.62,22.06,16.60,46.81,46.27,69.21,48.30,48.09,67.67
133,39.98,22.35,16.38,46.97,46.08,68.27,48.48,47.88,66.42
134,40.35,22.54,16.11,47.06,46.00,67.25,48.58,47.79,65.04
135,40.70,22.76,15.70,47.23,45.84,65.94,48.77,47.61,63.38
136,41.03,23.11,15.26,47.10,45.85,64.59,48.63,47.63,61.68
137,41.53,23.15,14.87,47.17,45.78,62.98,48.72,47.55,59.70
138,41.89,23.12,14.57,47.24,45.52,61.40,48.80,47.25,57.74
139,42.45,23.15,14.16,48.01,45.75,59.70,49.65,47.53,55.69
140,42.89,23.13,13.86,47.35,45.53,57.96,48.93,47.28,53.59
141,43.33,23.08,13.55,47.36,45.40,56.02,48.94,47.15,51.36
142,43.81,22.63,13.42,47.54,45.08,54.12,49.15,46.78,49.19
143,44.35,22.56,13.11,47.51,45.00,52.30,49.12,46.69,47.12
144,44.91,22.44,12.84,47.69,44.67,50.84,49.32,46.30,45.28
145,45.44,22.54,12.48,47.70,44.91,48.60,49.32,46.62,43.15
146,45.97,22.32,12.21,47.71,44.53,46.84,49.34,46.19,41.28
147,46.47,21.91,12.02,47.67,44.28,45.14,49.29,45.91,39.52
148,47.00,21.87,11.67,47.64,44.15,43.36,49.25,45.77,37.76
149,47.48,21.86,11.37,47.56,43.78,41.60,49.16,45.34,35.99
150,47.96,21.86,11.07,47.63,43.64,39.58,49.23,45.19,34.03
151,48.41,22.57,10.74,47.73,43.71,37.47,49.35,45.28,31.97
152,48.94,22.54,11.04,47.60,43.52,35.08,49.21,45.07,29.71
153,49.36,22.68,12.30,47.55,43.38,32.40,49.15,44.92,27.21
154,49.82,22.74,14.59,47.47,43.11,29.83,49.06,44.62,24.88
155,50.33,22.65,15.76,47.53,42.93,27.87,49.12,44.43,23.23
156,50.71,22.78,14.09,47.50,42.67,28.31,49.08,44.15,23.77
157,51.05,22.98,9.98,47.25,42.44,30.35,48.82,43.89,25.71
158,51.48,23.03,5.94,47.56,42.33,32.68,49.15,43.78,27.87
159,51.89,22.58,4.89,47.53,41.96,34.68,49.10,43.38,29.74
160,52.38,21.77,5.22,47.52,41.90,36.22,49.10,43.31,31.27
161,52.80,20.80,5.37,47.51,42.24,37.38,49.08,43.69,32.46
162,53.36,19.31,4.94,47.50,42.59,38.40,49.07,44.08,33.54
163,53.59,18.39,4.40,48.49,43.11,39.17,50.17,44.67,34.37
164,54.03,17.46,3.96,48.40,43.38,40.07,50.07,44.97,35.27
165,54.42,16.65,3.34,48.32,43.54,41.10,49.99,45.15,36.25
166,54.92,15.79,2.67,48.44,43.71,42.01,50.11,45.35,37.07
167,55.40,14.89,2.17,48.42,43.77,42.83,50.10,45.42,37.79
168,55.85,13.99,1.52,48.65,43.90,43.75,50.36,45.56,38.60
169,56.22,13.16,0.48,48.67,44.09,44.85,50.40,45.77,39.59
170,56.43,12.64,0.66,48.99,44.27,46.18,50.75,45.98,40.80
171,56.75,12.08,1.51,48.87,44.45,47.62,50.63,46.19,42.16
172,56.90,11.52,2.65,48.96,44.65,49.04,50.73,46.41,43.49
173,57.07,11.05,3.60,48.97,44.81,50.52,50.74,46.59,44.87
174,57.40,10.43,4.42,48.90,44.91,52.09,50.66,46.71,46.37
175,57.61,9.84,5.35,48.80,45.00,53.44,50.55,46.80,47.67
176,57.81,9.31,6.04,48.82,44.99,54.64,50.58,46.79,48.86
177,58.08,8.65,6.81,48.88,44.84,55.86,50.64,46.62,50.10
178,58.09,8.34,7.71,48.57,44.50,57.08,50.30,46.24,51.40
179,58.43,7.80,8.24,48.51,44.21,58.28,50.24,45.91,52.62
180,58.67,7.50,8.83,48.83,43.86,59.51,50.59,45.52,53.93
181,58.97,7.27,9.11,48.84,43.43,60.66,50.61,45.04,55.17
182,59.26,7.21,9.64,48.80,43.15,61.96,50.56,44.73,56.55
183,59.46,7.36,10.19,48.83,42.80,63.23,50.60,44.32,57.88
184,59.62,7.55,10.54,49.01,42.37,64.60,50.80,43.84,59.37
185,59.73,7.96,11.12,49.09,41.85,66.10,50.89,43.26,61.03
186,59.88,8.37,11.57,49.07,41.30,67.63,50.88,42.64,62.74
187,60.02,8.80,11.99,49.07,40.80,69.15,50.88,42.08,64.44
188,60.16,9.20,12.47,49.26,40.18,70.75,51.09,41.39,66.28
189,60.27,9.71,13.26,49.35,39.53,72.23,51.20,40.66,68.03
190,60.30,10.30,14.10,49.52,38.82,73.57,51.39,39.87,69.62
191,60.25,10.59,14.73,49.73,38.03,74.93,51.63,39.00,71.28
192,60.30,10.87,15.31,49.92,37.23,76.26,51.85,38.11,72.90
193,60.28,11.12,15.98,50.05,36.46,77.29,52.00,37.28,74.19
194,60.23,11.18,16.40,50.28,35.80,78.21,52.26,36.55,75.34
195,60.10,11.20,16.74,50.53,35.14,79.08,52.55,35.85,76.38
196,59.87,10.96,16.79,50.80,34.66,79.69,52.87,35.31,77.13
197,59.72,10.73,16.69,50.92,34.29,80.15,53.01,34.91,77.68
198,59.49,10.70,16.78,51.10,34.00,80.55,53.21,34.58,78.11
199,59.29,10.43,16.56,51.16,33.73,80.76,53.28,34.28,78.27
200,58.99,10.45,16.65,51.35,33.25,81.07,53.50,33.75,78.55
201,58.76,10.35,16.53,51.59,32.82,81.26,53.78,33.28,78.69
202,58.48,10.31,16.59,51.77,32.18,81.39,53.99,32.59,78.76
203,58.28,10.37,16.74,52.12,31.51,81.50,54.39,31.87,78.82
204,58.03,10.37,16.85,52.30,30.77,81.63,54.61,31.09,78.91
205,57.84,10.26,16.84,52.53,29.86,81.75,54.87,30.13,79.01
206,57.72,10.11,16.81,52.75,28.80,81.89,55.13,29.02,79.17
207,57.62,10.19,16.92,52.94,27.69,81.94,55.35,27.86,79.22
208,57.51,10.21,17.09,53.05,26.54,81.92,55.48,26.67,79.20
209,57.39,9.99,16.94,53.28,25.45,81.89,55.75,25.52,79.16
210,57.34,9.76,16.69,53.44,24.06,81.83,55.93,24.10,79.07
211,57.14,9.53,16.54,53.76,22.44,81.78,56.30,22.45,78.99
212,57.09,9.50,16.39,53.78,21.25,81.69,56.32,21.23,78.83
213,56.95,9.56,16.35,53.79,19.72,81.51,56.35,19.68,78.59
214,56.84,9.68,16.45,53.90,18.38,81.42,56.48,18.31,78.46
215,56.75,10.42,17.10,53.99,17.00,81.34,56.58,16.93,78.32
216,56.74,10.83,17.31,54.02,15.76,81.27,56.61,15.67,78.17
217,56.64,11.54,18.02,54.08,14.63,81.23,56.69,14.54,78.05
218,56.63,12.56,18.83,54.06,13.51,81.19,56.66,13.42,77.93
219,56.59,13.93,20.00,54.08,12.45,81.13,56.68,12.35,77.81
220,56.61,14.51,20.45,54.00,11.58,80.97,56.58,11.48,77.56
221,56.62,15.61,21.20,53.93,10.72,80.89,56.50,10.62,77.43
222,56.65,16.70,22.23,53.80,9.93,80.85,56.34,9.84,77.34
223,56.67,17.46,22.75,53.66,9.22,80.86,56.18,9.13,77.30
224,56.63,18.22,23.29,53.50,8.53,80.82,55.99,8.44,77.22
225,56.69,18.59,23.65,53.42,7.93,80.80,55.90,7.85,77.15
226,56.71,19.04,24.05,53.24,7.44,80.83,55.68,7.36,77.14
227,56.77,18.66,23.66,53.06,7.01,80.81,55.47,6.94,77.09
228,56.87,17.33,22.50,52.90,6.65,80.88,55.29,6.59,77.10
229,56.96,16.60,21.82,52.83,6.33,80.87,55.19,6.27,77.06
230,57.17,14.48,20.03,52.61,6.06,80.94,54.94,6.00,77.12
231,57.25,12.44,18.46,52.50,5.75,81.02,54.82,5.70,77.18
232,57.37,10.32,16.82,52.40,5.23,81.11,54.71,5.18,77.24
233,57.54,8.59,15.52,52.42,4.93,81.23,54.72,4.89,77.34
234,57.64,7.51,14.74,52.31,4.70,81.30,54.59,4.66,77.37
235,57.82,6.85,13.91,52.27,4.37,81.43,54.54,4.33,77.47
236,57.95,8.36,14.05,52.26,4.17,81.57,54.52,4.15,77.60
237,58.13,11.48,15.51,52.35,3.90,81.72,54.61,3.87,77.72
238,58.26,16.33,18.68,52.38,3.69,81.91,54.66,3.67,77.91
239,58.27,19.96,21.40,52.49,3.72,82.08,54.77,3.69,78.07
240,58.35,28.45,28.58,52.40,3.45,82.29,54.66,3.43,78.31
241,58.42,34.73,34.23,52.68,3.50,82.61,54.97,3.48,78.80
242,58.54,42.55,41.60,52.61,3.38,82.97,54.88,3.37,79.47
243,58.67,53.56,52.17,52.73,3.39,83.35,55.01,3.38,80.21
244,58.77,64.95,63.23,52.72,3.41,83.84,54.99,3.41,81.14
245,58.90,76.78,74.91,52.69,3.53,84.33,54.95,3.52,82.07
246,59.04,86.64,84.72,52.73,3.70,84.78,54.97,3.69,82.87
247,59.20,81.40,83.29,52.53,3.97,85.37,54.74,3.96,83.75
248,59.40,73.45,75.09,52.50,4.31,85.85,54.69,4.30,84.36
249,59.55,66.17,67.43,52.22,4.64,86.27,54.37,4.63,84.77
250,59.74,57.45,58.36,52.13,4.90,86.74,54.26,4.90,85.09
251,60.65,54.75,53.94,50.51,5.17,86.80,52.50,5.17,84.69
252,60.50,45.55,44.16,50.19,4.89,86.86,52.16,4.89,84.24
253,60.80,46.73,43.49,50.19,4.50,86.58,52.14,4.49,83.40
254,61.02,41.85,36.61,50.12,3.61,86.28,52.05,3.61,82.66
255,61.33,33.19,25.80,49.89,2.54,85.95,51.79,2.54,82.08
256,61.63,10.00,8.76,49.51,1.91,85.68,51.35,1.91,81.64
257,62.00,18.48,30.16,49.39,2.19,85.44,51.19,2.18,81.34
258,62.42,26.83,40.84,49.25,2.70,85.16,51.03,2.70,81.04
259,62.90,26.12,41.99,49.37,3.16,85.00,51.16,3.15,81.00
260,63.39,23.09,40.57,49.23,3.76,84.80,51.01,3.76,80.95
261,63.84,20.67,39.48,49.45,4.16,84.62,51.25,4.16,80.99
262,63.98,22.13,41.81,49.46,5.26,84.44,51.24,5.26,81.01
263,64.13,20.88,41.12,49.81,5.77,84.40,51.62,5.77,81.21
264,64.13,19.10,39.53,49.93,6.37,84.52,51.74,6.37,81.58
265,64.20,16.40,36.90,49.95,7.03,84.66,51.75,7.04,81.92
266,64.23,13.86,34.18,49.93,7.56,84.80,51.71,7.57,82.25
267,64.20,10.84,30.85,49.95,8.17,84.70,51.70,8.18,82.15
268,64.20,7.55,27.02,49.91,8.73,84.35,51.63,8.74,81.64
269,64.15,5.69,24.33,49.85,9.57,83.99,51.53,9.59,81.02
270,64.21,3.72,20.73,49.69,10.18,83.70,51.33,10.20,80.44
271,64.13,3.54,17.69,49.66,10.94,83.30,51.26,10.96,79.65
272,64.08,4.51,14.91,49.50,11.53,82.81,51.04,11.56,78.59
273,64.06,6.15,12.06,49.32,12.13,82.49,50.81,12.17,77.80
274,64.08,7.59,9.78,49.12,12.73,82.12,50.55,12.77,76.87
275,64.10,8.19,8.52,48.97,13.07,81.78,50.36,13.11,76.05
276,64.22,8.97,7.27,48.77,13.67,81.66,50.12,13.71,75.61
277,64.33,9.24,6.74,48.63,14.30,81.74,49.94,14.35,75.58
278,64.37,9.48,6.41,48.63,14.86,81.85,49.92,14.91,75.71
279,64.62,10.65,5.84,48.53,15.31,81.92,49.81,15.37,75.89
280,64.55,11.15,5.88,48.47,15.83,82.15,49.73,15.90,76.37
281,64.55,11.96,6.16,48.31,16.39,82.14,49.55,16.46,76.58
282,64.43,12.61,6.87,48.16,16.93,82.22,49.38,17.01,76.94
283,64.41,13.91,8.07,47.86,17.48,82.24,49.06,17.57,77.29
284,64.19,14.91,9.55,47.86,17.96,82.32,49.06,18.06,77.69
285,64.04,16.17,11.38,47.69,18.44,82.39,48.87,18.54,78.11
286,63.74,17.48,13.37,47.78,18.86,82.53,48.97,18.96,78.62
287,63.61,18.86,15.25,47.68,19.31,82.76,48.85,19.42,79.24
288,63.37,20.23,17.18,47.64,19.77,83.02,48.82,19.89,79.83
289,63.06,21.28,18.79,47.65,20.25,83.25,48.82,20.38,80.29
290,62.90,22.12,20.06,47.69,20.73,83.52,48.87,20.87,80.85
291,62.87,23.07,21.12,47.52,21.12,83.98,48.70,21.26,81.70
292,61.93,22.13,21.48,48.82,21.46,84.36,50.02,21.62,82.34
293,62.80,23.64,21.76,47.45,21.72,84.96,48.61,21.88,83.27
294,61.97,22.45,21.64,48.69,21.72,85.53,49.89,21.88,84.12
295,63.00,23.64,21.34,47.20,21.65,86.21,48.34,21.81,85.15
296,63.25,23.54,20.82,47.07,21.38,86.92,48.20,21.54,86.19
297,63.51,23.57,20.31,47.01,20.96,87.53,48.12,21.11,87.27
298,63.83,23.65,19.78,46.70,20.35,88.08,47.78,20.48,88.34
299,64.25,23.94,19.21,46.49,19.84,88.37,47.55,19.96,88.95
300,64.55,23.39,18.08,46.33,19.52,88.45,47.35,19.64,89.23
301,64.88,22.40,16.64,46.25,19.76,88.41,47.29,19.89,89.30
302,65.14,21.12,15.17,46.36,20.29,88.22,47.43,20.43,89.05
303,65.35,19.78,13.82,46.65,21.06,88.06,47.75,21.21,88.80
304,65.46,18.77,13.03,46.93,22.00,87.88,48.07,22.18,88.40
305,65.57,18.42,12.83,47.24,23.10,87.72,48.43,23.30,88.08
306,65.62,18.30,12.95,47.41,24.29,87.42,48.62,24.53,87.49
307,65.73,18.45,13.27,47.42,25.56,87.22,48.65,25.84,87.09
308,65.69,18.61,13.67,47.49,26.71,86.93,48.72,27.03,86.46
309,65.66,18.74,13.96,47.58,27.77,86.68,48.82,28.14,85.89
310,65.67,18.77,14.23,47.59,28.90,86.31,48.83,29.32,85.13
311,65.73,18.83,14.43,47.68,30.05,85.99,48.91,30.52,84.44
312,65.88,18.95,14.58,47.80,31.27,85.61,49.04,31.80,83.61
313,66.07,19.34,14.78,47.78,32.44,85.20,49.02,33.03,82.80
314,66.26,19.44,14.82,47.88,33.64,84.85,49.12,34.31,82.07
315,66.49,19.67,15.02,48.09,34.73,84.49,49.36,35.46,81.33
316,66.72,19.74,15.22,48.36,35.86,84.11,49.65,36.66,80.67
317,66.99,19.88,15.43,48.51,37.05,83.70,49.80,37.94,80.03
318,67.17,19.97,15.68,48.75,38.10,83.31,50.08,39.06,79.32
319,67.33,19.91,15.84,48.81,39.17,82.92,50.12,40.22,78.71
320,67.53,20.10,16.06,48.91,40.21,82.50,50.23,41.34,78.03
321,67.75,20.17,16.20,49.02,41.40,82.06,50.33,42.63,77.36
322,67.97,20.24,16.35,49.07,42.36,81.71,50.39,43.67,76.82
323,68.15,20.20,16.48,49.07,43.27,81.26,50.38,44.67,76.17
324,68.47,20.30,16.54,49.03,44.12,80.88,50.32,45.59,75.62
325,68.75,20.33,16.68,49.02,44.90,80.40,50.30,46.46,74.93
326,69.09,20.46,16.79,48.96,45.74,80.04,50.22,47.37,74.43
327,69.43,20.64,16.92,48.89,46.49,79.57,50.13,48.21,73.81
328,69.80,20.83,17.03,48.77,47.26,79.21,49.98,49.06,73.28
329,70.12,20.83,16.92,48.60,48.01,78.71,49.80,49.91,72.64
330,70.39,20.66,16.67,48.56,48.64,78.42,49.71,50.60,72.24
331,70.74,20.73,16.72,48.48,49.36,78.01,49.61,51.42,71.73
332,71.13,20.81,16.72,48.32,50.01,77.61,49.43,52.15,71.20
333,71.54,21.03,16.99,48.22,50.70,77.36,49.31,52.94,70.89
334,71.96,21.24,17.23,48.11,51.38,76.99,49.18,53.71,70.44
335,72.31,21.36,17.45,48.00,52.02,76.66,49.05,54.44,70.02
336,72.74,21.59,17.57,47.91,52.64,76.47,48.94,55.14,69.86
337,73.11,21.70,17.95,47.89,53.26,76.19,48.91,55.86,69.47
338,73.47,21.76,17.99,47.71,53.83,75.85,48.72,56.51,69.04
339,73.79,21.88,18.19,47.61,54.31,75.46,48.62,57.08,68.60
340,74.12,21.83,18.21,47.51,54.87,75.39,48.50,57.73,68.54
341,74.47,21.85,18.48,47.48,55.37,75.44,48.46,58.33,68.58
342,74.84,21.93,18.57,47.48,55.88,75.15,48.46,58.92,68.23
343,75.20,21.92,18.72,47.32,56.43,75.07,48.28,59.58,68.13
344,75.63,22.04,18.97,47.14,56.90,74.93,48.10,60.14,67.97
345,76.10,22.22,18.85,46.95,57.40,74.63,47.89,60.74,67.62
346,76.55,22.42,19.06,46.82,57.89,74.52,47.74,61.32,67.50
347,76.96,22.54,19.04,46.68,58.51,74.20,47.60,62.07,67.19
348,77.44,22.82,19.10,46.49,59.13,74.23,47.40,62.83,67.15
349,77.85,23.12,19.19,46.41,59.84,73.99,47.33,63.69,67.02
350,78.27,23.39,19.40,46.37,60.62,73.45,47.30,64.64,66.44
351,78.71,23.91,19.78,46.42,61.10,72.91,47.35,65.25,65.85
352,79.16,24.29,19.95,46.56,61.82,72.42,47.50,66.15,65.38
353,79.60,24.66,20.04,46.61,62.83,72.17,47.56,67.39,65.06
354,80.10,25.01,19.90,46.66,63.74,72.06,47.63,68.53,64.97
355,80.62,25.42,19.72,46.71,64.72,72.24,47.68,69.77,65.47
356,81.14,25.86,19.63,46.79,65.56,72.00,47.79,70.83,65.18
357,81.63,26.29,19.77,46.76,66.41,72.22,47.74,71.91,65.57
358,82.20,26.87,19.96,46.82,67.24,72.23,47.82,72.99,65.74
359,82.74,27.59,20.07,46.76,68.10,72.64,47.75,74.10,66.34
360,83.24,28.16,19.94,46.72,68.93,72.40,47.72,75.18,66.26
361,83.73,28.78,19.61,46.65,69.76,72.08,47.64,76.26,65.78
362,84.07,29.18,19.44,46.47,70.59,72.01,47.44,77.36,65.77
363,84.61,29.84,19.08,46.43,71.47,72.46,47.40,78.53,66.27
364,85.15,30.46,19.21,46.49,72.25,72.31,47.45,79.57,66.23
365,85.70,31.13,18.99,46.36,72.98,72.00,47.31,80.56,66.01
366,86.26,31.78,18.64,46.27,73.71,71.91,47.19,81.54,65.89
367,86.81,32.34,18.24,46.22,74.36,71.69,47.11,82.44,65.61
368,87.44,32.96,17.70,46.04,75.02,71.50,46.90,83.34,65.48
369,88.09,33.59,17.19,45.83,75.61,71.59,46.65,84.15,65.65
370,88.79,34.19,16.77,45.57,76.32,71.66,46.35,85.15,65.86
371,89.45,34.72,15.86,45.32,76.76,71.50,46.07,85.76,65.66
372,89.72,35.42,15.71,45.00,77.39,71.58,45.69,86.64,65.84
373,89.10,35.92,17.22,44.65,77.74,71.85,45.27,87.14,66.23
374,88.21,36.67,14.05,44.17,78.20,71.96,44.73,87.79,66.46
375,87.28,37.52,15.80,43.57,78.58,72.30,44.05,88.33,66.80
376,86.27,38.39,13.21,42.91,78.98,72.25,43.33,88.88,66.79
377,85.21,39.16,12.67,42.23,79.37,72.41,42.57,89.44,66.97
378,83.90,40.32,14.96,41.55,79.67,72.47,41.82,89.86,66.89
379,82.49,41.55,14.25,40.80,80.04,72.66,41.02,90.38,67.10
380,81.04,42.79,13.25,40.12,80.32,72.78,40.26,90.78,67.27
381,79.52,44.11,11.21,39.37,80.52,72.96,39.45,91.08,67.49
382,77.80,45.72,10.55,38.63,80.80,73.13,38.65,91.46,67.70
383,76.11,47.30,9.86,37.87,81.00,73.30,37.84,91.74,67.90
384,74.26,49.11,9.18,37.19,81.26,73.51,37.10,92.11,68.15
385,72.48,50.79,8.94,36.47,81.41,73.69,36.33,92.32,68.33
386,70.47,52.82,8.24,35.78,81.57,73.73,35.60,92.56,68.48
387,68.43,54.91,9.23,35.19,81.84,73.93,34.96,92.98,68.47
388,66.28,57.13,8.92,34.54,81.81,74.06,34.28,92.89,68.58
389,64.32,58.98,8.24,34.25,81.94,74.25,33.94,93.07,68.83
390,61.83,61.87,7.95,33.92,82.17,74.32,33.61,93.42,68.98
391,59.62,64.33,8.33,33.53,81.66,74.38,33.19,92.70,69.01
392,57.46,66.76,8.50,33.17,81.81,74.42,32.81,92.90,69.06
393,55.49,68.60,8.68,32.70,81.96,74.48,32.30,93.13,69.11
394,53.45,70.91,9.18,32.33,82.13,74.54,31.91,93.40,69.14
395,51.53,73.08,8.73,32.11,81.97,74.69,31.67,93.15,69.27
396,49.73,75.13,9.09,31.82,81.86,74.70,31.36,92.97,69.27
397,47.97,77.38,9.13,31.62,81.90,74.84,31.15,93.03,69.42
398,46.29,79.64,8.62,31.25,82.43,74.88,30.80,93.82,69.71
399,44.90,81.51,8.33,31.09,82.41,75.02,30.63,93.78,69.89
400,43.65,83.64,7.98,31.02,82.44,75.12,30.56,93.81,70.04
401,42.63,85.62,7.92,30.86,82.49,75.37,30.39,93.89,70.35
402,41.75,87.26,7.75,30.84,82.31,75.53,30.39,93.65,70.54
403,41.00,88.64,7.46,30.79,82.26,75.70,30.34,93.57,70.71
404,40.25,89.45,7.31,30.71,82.24,75.87,30.22,93.53,70.89
405,39.68,89.40,7.22,30.62,82.33,75.83,30.13,93.69,70.95
406,39.23,88.22,7.13,30.47,82.56,75.94,29.98,94.01,71.10
407,38.85,86.70,6.98,30.25,80.99,76.07,29.77,91.74,71.27
408,38.53,85.88,6.88,30.01,80.86,76.20,29.52,91.53,71.42
409,38.20,85.22,6.81,29.78,80.75,76.31,29.28,91.37,71.56
410,37.87,84.70,6.78,29.48,80.76,76.38,28.97,91.38,71.75
411,37.71,83.99,6.82,29.25,80.57,76.47,28.74,91.10,71.94
412,37.54,83.52,6.95,28.93,80.57,76.59,28.42,91.08,72.11
413,37.44,82.97,7.02,28.67,80.62,76.69,28.15,91.16,72.29
414,37.82,82.00,6.52,28.93,80.75,76.67,28.43,91.38,72.44
415,37.49,82.01,7.07,28.47,80.63,76.76,27.96,91.22,72.64
416,37.76,81.30,7.24,27.56,80.61,76.84,27.07,91.19,72.81
417,37.26,81.63,7.57,25.90,80.54,76.91,25.41,91.09,72.99
418,36.66,81.86,7.47,24.40,80.07,77.07,23.91,90.42,73.15
419,36.53,82.10,8.16,23.06,80.34,77.15,22.58,90.77,73.25
420,36.67,81.49,8.14,21.94,79.92,77.30,21.46,90.19,73.40
421,37.23,80.81,8.60,21.10,79.83,77.43,20.63,90.05,73.52
422,37.26,80.99,9.75,20.05,80.05,77.58,19.59,90.32,73.66
423,38.69,78.96,9.81,19.88,79.61,77.75,19.42,89.72,73.80
424,38.46,79.16,10.41,19.03,79.30,77.86,18.57,89.28,73.93
425,39.95,77.52,10.98,21.17,79.03,78.00,20.61,88.92,74.07
426,38.25,79.56,12.16,22.10,79.26,78.09,21.51,89.21,74.14
427,37.68,79.71,12.23,20.68,78.78,78.24,20.09,88.54,74.29
428,38.97,78.09,12.49,20.18,78.86,78.33,19.63,88.68,74.37
429,39.50,77.43,13.16,19.40,78.83,78.46,18.85,88.64,74.49
430,39.57,77.42,14.28,18.45,79.05,78.57,17.91,88.93,74.60
431,40.10,76.20,15.05,17.70,78.62,79.11,17.16,88.31,75.03
432,39.73,76.20,15.60,16.72,78.49,79.25,16.19,88.12,75.16
433,40.42,74.91,16.11,15.82,78.54,79.42,15.30,88.24,75.41
434,41.20,74.11,17.11,15.03,78.75,79.48,14.52,88.53,75.47
435,42.42,72.46,17.42,14.17,78.70,79.60,13.68,88.47,75.62
436,44.02,70.38,17.80,13.44,78.62,79.71,12.97,88.38,75.72
437,45.83,68.03,18.22,12.72,78.57,79.89,12.27,88.29,75.90
438,48.89,64.41,18.46,12.30,78.48,80.02,11.86,88.16,76.03
439,54.37,58.48,18.65,12.62,78.37,80.19,12.18,88.05,76.22
440,56.79,55.55,18.82,12.38,78.22,80.27,11.95,87.86,76.28
441,58.52,53.38,19.26,12.35,78.18,80.45,11.92,87.81,76.46
442,60.48,50.90,19.37,12.55,78.08,80.54,12.11,87.68,76.57
443,62.11,48.88,19.66,12.87,78.02,80.70,12.42,87.62,76.74
444,63.54,46.93,19.79,13.30,77.91,80.81,12.84,87.47,76.84
445,64.76,45.24,20.18,13.88,77.84,81.00,13.40,87.37,77.01
446,66.02,43.84,21.17,14.41,77.96,81.17,13.91,87.49,77.13
447,67.31,41.84,21.04,14.99,78.05,81.32,14.48,87.69,77.27
448,68.11,40.40,21.05,15.64,78.04,81.44,15.11,87.68,77.44
449,68.97,38.96,21.14,16.28,77.91,81.56,15.73,87.52,77.58
450,69.95,37.66,21.52,16.87,78.12,81.71,16.30,87.74,77.78
451,71.22,35.77,22.01,17.56,78.39,81.83,16.98,88.10,77.85
452,71.91,34.43,22.10,18.26,78.43,81.98,17.66,88.16,77.99
453,72.75,33.09,22.60,19.05,78.47,82.12,18.43,88.19,78.11
454,73.34,32.32,22.14,19.77,78.54,82.41,19.15,88.33,78.59
455,73.87,30.67,21.92,20.59,78.80,82.51,19.95,88.74,78.72
456,74.64,29.64,22.73,21.29,78.69,82.66,20.64,88.55,78.86
457,75.39,28.23,23.67,22.30,79.02,82.63,21.65,88.92,78.75
458,75.87,27.00,23.73,23.30,79.13,82.79,22.65,89.04,78.92
459,76.12,25.90,24.87,24.07,79.42,82.80,23.42,89.35,78.83
460,74.98,26.93,26.14,24.72,79.75,82.89,24.07,89.90,78.95
461,76.22,24.13,25.18,24.66,79.56,83.10,24.01,89.49,79.13
462,76.00,23.89,25.77,25.43,79.53,83.25,24.78,89.39,79.29
463,75.79,23.20,26.03,26.25,79.91,83.37,25.60,89.90,79.39
464,75.74,22.39,26.57,26.99,80.20,83.51,26.34,90.33,79.53
465,75.37,21.95,26.74,28.16,80.57,83.70,27.51,90.86,79.72
466,75.36,20.92,26.89,29.10,80.29,83.84,28.47,90.56,79.85
467,75.09,20.56,27.04,29.83,80.10,83.96,29.21,90.35,79.96
468,74.95,19.88,27.38,30.47,79.54,84.09,29.85,89.64,80.08
469,73.92,20.05,27.53,30.21,79.29,84.21,29.60,89.36,80.19
470,73.86,19.54,27.45,31.04,78.86,84.33,30.45,88.78,80.30
471,75.18,18.34,28.41,31.93,78.16,84.46,31.33,87.76,80.42
472,74.95,18.04,28.32,32.57,77.68,84.57,31.99,87.10,80.52
473,73.59,18.56,28.21,33.13,77.02,84.69,32.58,86.16,80.62
474,73.28,18.19,28.32,33.76,76.23,84.80,33.22,85.20,80.72
475,73.02,17.85,28.52,34.46,75.80,84.97,33.95,84.36,80.88
476,72.85,17.29,28.01,35.13,75.25,85.07,34.62,83.88,80.96
477,72.47,17.07,28.18,35.76,74.69,85.20,35.28,83.04,81.08
478,72.24,16.49,28.06,36.59,74.37,85.32,36.13,82.65,81.19
479,71.31,15.94,27.62,36.68,74.17,85.45,36.27,82.43,81.30
480,70.75,15.20,26.86,37.30,74.36,85.58,36.90,82.66,81.42
481,70.01,14.43,26.32,37.88,74.62,85.72,37.51,82.96,81.54
482,69.09,13.50,25.66,38.34,75.00,85.86,38.00,83.48,81.66
483,68.20,12.33,24.80,38.89,74.88,86.04,38.59,83.30,81.83
484,67.04,12.07,24.50,39.81,76.31,86.17,39.55,85.04,81.94
485,65.43,11.45,23.27,39.61,76.35,86.33,39.40,85.09,82.09
486,64.31,11.28,22.52,39.77,77.79,86.73,39.61,86.74,82.34
487,63.36,11.77,22.90,39.95,80.63,86.77,39.82,90.35,82.55
488,62.51,11.51,22.08,40.62,82.12,86.97,40.53,92.27,82.73
489,62.19,10.92,21.52,41.55,83.40,86.97,41.52,94.10,82.87
490,61.40,11.17,21.36,42.04,83.73,87.27,42.06,94.64,82.96
491,60.32,11.81,21.29,42.64,84.26,87.50,42.69,95.45,83.05
492,59.13,12.34,20.76,42.89,83.89,87.74,42.98,95.06,83.14
493,58.30,12.70,20.59,43.36,83.85,87.99,43.48,95.15,83.24
494,57.34,13.09,20.09,43.84,83.41,88.14,44.01,94.73,83.35
495,56.62,13.24,19.63,44.12,83.16,88.28,44.33,94.55,83.45
496,55.90,13.51,19.30,44.56,82.76,88.44,44.82,94.15,83.56
497,55.03,13.95,18.99,44.91,82.22,88.59,45.21,93.55,83.67
498,54.26,14.31,18.57,45.28,82.06,88.68,45.64,93.42,83.78
499,53.85,14.41,18.00,46.02,82.60,88.78,46.45,94.28,83.89
500,53.26,14.64,16.69,46.51,82.47,89.15,47.01,94.19,84.45
501,52.52,15.08,15.70,46.82,82.58,89.54,47.42,94.36,84.99
502,52.12,15.17,14.86,47.47,82.76,89.89,48.16,94.66,85.51
503,51.61,15.41,14.22,47.95,83.06,90.23,48.72,95.07,86.01
504,51.41,15.36,13.73,48.71,82.96,90.56,49.55,94.96,86.50
505,51.23,15.37,13.40,49.53,82.83,90.89,50.44,94.83,86.98
506,51.01,15.40,13.05,50.33,82.74,91.17,51.34,94.75,87.43
507,51.06,15.12,12.64,50.99,82.47,91.52,52.08,94.39,87.90
508,51.11,15.04,12.43,51.71,82.30,91.79,52.87,94.19,88.29
509,50.98,15.13,12.08,52.72,82.10,92.07,53.99,93.90,88.64
510,51.22,14.93,11.79,53.17,81.50,92.29,54.49,93.08,88.89
511,51.65,14.53,11.49,53.24,81.35,92.48,54.56,92.85,89.14
512,51.91,14.35,11.10,53.73,80.84,92.59,55.10,92.12,89.27
513,51.91,14.52,10.70,53.83,80.57,92.66,55.21,91.77,89.34
514,52.25,14.45,10.42,54.07,79.95,92.74,55.50,90.91,89.38
515,52.92,14.27,10.55,54.58,79.82,92.80,56.01,90.71,89.48
516,53.27,14.02,9.98,54.69,79.42,92.86,56.15,90.17,89.63
517,53.65,13.99,9.77,54.91,78.69,93.05,56.34,89.15,89.83
518,53.99,14.15,9.93,55.11,78.65,93.32,56.57,89.08,90.25
519,53.66,15.00,10.36,53.88,78.54,93.68,55.16,88.86,90.80
520,54.21,15.11,10.75,53.49,78.34,94.07,54.73,88.54,91.30
521,54.12,15.58,10.69,53.57,78.18,94.36,54.85,88.33,91.78
522,54.51,15.81,10.80,53.58,78.02,94.42,54.86,88.12,91.99
523,55.00,15.94,10.36,53.95,77.17,94.85,55.24,86.95,91.87
524,56.01,16.38,11.13,54.41,76.84,94.48,55.74,86.49,91.15
525,56.53,16.32,11.08,54.48,76.60,94.06,55.80,86.18,91.43
526,56.79,16.72,10.91,54.34,76.72,93.84,55.66,86.35,91.66
527,57.57,16.81,11.00,54.36,76.79,93.68,55.68,86.44,91.90
528,57.97,16.60,9.97,54.14,77.12,93.55,55.45,86.92,92.17
529,58.72,16.79,9.98,54.08,77.10,93.48,55.36,86.90,92.38
530,59.41,17.07,10.36,53.94,76.89,93.31,55.19,86.57,92.64
531,59.87,16.94,9.67,53.64,76.64,93.23,54.88,86.25,92.93
532,60.68,17.18,9.84,53.40,76.51,93.25,54.60,86.05,93.11
533,61.55,16.98,11.24,52.71,76.17,93.34,53.80,85.59,93.18
534,62.40,17.30,13.41,52.30,76.48,93.49,53.34,86.02,93.38
535,63.47,16.94,15.05,51.43,76.23,93.68,52.38,85.67,93.70
536,64.26,17.15,16.90,50.92,76.23,93.87,51.81,85.68,94.04
537,65.56,16.96,18.84,50.68,76.37,94.03,51.49,85.87,94.37
538,66.74,16.70,20.39,50.23,76.55,94.21,50.98,86.12,94.75
539,67.90,16.62,21.87,49.65,76.72,94.26,50.31,86.35,94.96
540,69.09,16.41,23.18,49.06,76.98,94.36,49.62,86.67,95.16
541,70.17,16.49,24.21,48.37,76.93,94.22,48.80,86.57,95.14
542,71.33,16.33,24.86,47.55,76.97,93.92,47.87,86.63,94.95
543,73.38,15.71,25.43,47.28,77.89,93.59,47.47,87.60,94.62
544,74.53,15.89,25.19,46.26,77.77,93.12,46.34,87.41,94.32
545,75.73,16.13,24.88,45.44,77.33,92.55,45.40,86.89,93.88
546,77.06,15.39,23.17,44.46,77.46,91.75,44.32,87.25,93.39
547,78.75,15.32,22.25,43.73,77.29,90.99,43.45,87.05,92.84
548,79.50,16.10,20.92,42.18,76.92,90.53,41.79,86.52,92.87
549,81.07,16.11,19.73,40.96,76.96,89.98,40.45,86.53,92.87
550,82.64,16.00,18.37,40.49,76.99,89.79,39.89,86.61,93.61
551,83.89,16.00,17.09,39.42,76.96,90.16,38.73,86.55,95.07
552,84.49,16.46,16.25,38.00,77.40,90.63,37.21,87.14,96.55
553,84.97,16.74,15.17,37.72,78.08,91.35,36.87,88.05,98.27
554,86.59,15.77,14.36,36.97,78.85,92.40,36.04,89.02,100.33
555,87.41,15.75,13.59,36.09,79.91,93.06,35.14,90.47,101.83
556,88.62,15.60,13.42,35.24,80.85,93.44,34.26,91.74,102.55
557,89.40,16.09,13.52,34.56,81.16,93.27,33.56,92.12,102.18
558,89.71,16.58,13.90,33.86,81.08,92.97,32.86,92.00,101.61
559,88.56,16.97,14.71,33.42,81.00,92.61,32.41,91.89,100.82
560,87.78,17.50,14.84,32.61,81.15,92.20,31.59,92.08,100.09
561,87.07,18.15,15.06,32.18,80.67,91.66,31.15,91.43,99.16
562,86.15,18.68,15.53,31.67,80.67,91.52,30.66,91.45,98.90
563,85.38,19.09,15.42,31.05,80.51,91.97,30.05,91.24,99.67
564,84.38,19.40,15.76,30.38,80.44,91.88,29.39,91.14,99.44
565,84.25,20.43,15.70,29.94,80.14,91.82,28.97,90.77,99.14
566,83.55,21.48,16.97,29.57,80.20,92.21,28.60,90.81,99.41
567,82.01,21.16,17.19,29.45,80.01,92.13,28.49,90.55,99.25
568,81.92,21.96,16.46,28.84,80.15,92.22,27.90,90.56,99.34
569,80.27,21.29,16.08,28.59,80.32,92.38,27.67,90.78,99.49
570,79.17,21.25,15.92,28.18,80.08,92.41,27.30,90.48,99.38
571,78.23,21.38,15.79,27.65,80.16,92.64,26.79,90.61,99.52
572,76.48,21.25,17.18,27.86,79.86,92.82,27.00,90.43,99.63
573,75.72,21.49,16.90,27.45,79.72,93.07,26.61,90.25,99.87
574,74.91,21.73,16.78,27.44,79.81,93.24,26.62,90.30,99.85
575,74.33,22.23,16.88,27.19,79.51,93.09,26.39,89.88,99.28
576,73.61,22.57,17.14,27.01,79.30,92.67,26.23,89.58,98.26
577,73.05,23.05,17.59,26.52,79.01,92.16,25.77,89.20,97.14
578,72.55,23.56,18.21,26.23,78.88,91.64,25.50,89.02,96.08
579,72.16,24.17,19.00,25.90,78.78,91.16,25.20,88.89,95.16
580,71.94,25.04,19.95,25.86,78.70,91.00,25.19,88.78,94.75
581,71.89,25.91,20.60,25.68,78.63,90.89,25.04,88.72,94.50
582,72.44,27.36,21.04,24.92,78.49,91.08,24.30,88.53,94.75
583,71.34,27.07,21.64,25.29,78.76,91.08,24.68,88.98,94.76
584,73.20,29.87,22.11,24.47,78.37,91.12,23.90,88.37,94.83
585,73.36,30.75,22.54,24.17,78.43,91.15,23.61,88.46,94.76
586,73.86,31.99,22.99,24.02,78.38,91.01,23.47,88.38,94.79
587,74.45,33.47,23.51,23.62,78.77,90.92,23.09,88.99,94.63
588,75.11,34.78,23.44,23.31,78.77,90.80,22.78,88.98,94.44
589,74.97,35.23,23.62,23.25,78.69,90.48,22.69,88.90,93.88
590,75.72,36.65,23.93,22.88,78.58,90.34,22.33,88.75,93.68
591,76.60,38.12,24.06,22.37,78.70,90.19,21.83,88.89,93.43
592,77.36,39.37,24.18,21.87,78.86,90.17,21.33,89.11,93.40
593,78.05,40.53,24.36,21.52,78.99,90.11,20.99,89.28,93.30
594,78.89,41.88,24.46,21.10,79.00,89.96,20.58,89.30,93.04
595,79.58,42.92,24.45,20.64,79.09,89.79,20.12,89.41,92.77
596,79.91,43.54,24.37,20.16,79.32,89.72,19.64,89.73,92.65
597,81.07,45.07,24.58,19.76,79.43,89.63,19.25,89.88,92.48
598,83.66,47.92,24.21,19.08,79.54,89.44,18.58,90.01,92.17
599,84.52,48.98,24.37,18.66,79.74,89.27,18.16,90.32,91.96
600,85.50,50.03,24.07,18.20,79.93,89.15,17.71,90.58,91.76
601,86.72,51.35,24.01,17.63,80.21,89.01,17.14,90.99,91.56
602,87.67,52.34,23.84,17.01,80.41,88.81,16.52,91.28,91.24
603,89.08,53.79,23.68,16.29,80.62,88.63,15.81,91.58,90.98
604,89.70,54.99,23.33,15.89,80.79,88.36,15.42,91.83,90.53
605,88.33,56.59,23.75,15.23,81.72,88.21,14.77,93.24,90.36
606,88.92,55.71,23.43,14.89,81.95,88.03,14.44,93.60,90.08
607,87.68,56.93,23.41,14.30,82.23,87.86,13.87,94.00,89.86
608,85.89,58.60,23.02,13.76,81.94,87.61,13.34,93.58,89.39
609,85.48,58.78,22.59,13.71,82.17,87.44,13.29,93.93,89.16
610,85.48,58.44,22.21,13.61,82.35,87.27,13.18,94.18,88.96
611,84.95,58.74,21.63,13.45,82.35,87.06,13.02,94.18,88.70
612,84.04,59.46,21.39,12.96,82.44,86.88,12.54,94.28,88.43
613,84.22,58.82,20.56,12.76,82.40,86.60,12.35,94.23,87.98
614,83.92,58.98,20.59,12.07,82.77,86.40,11.66,94.85,87.74
615,82.42,60.32,20.42,11.21,82.88,86.27,10.82,95.00,87.61
616,80.34,62.43,19.68,10.53,82.99,86.08,10.16,95.15,87.33
617,76.63,66.68,19.56,9.37,83.03,86.06,9.05,95.21,87.42
618,70.70,73.93,18.96,8.45,83.14,85.63,8.16,95.38,86.73
619,52.46,80.42,18.94,7.00,83.13,86.08,6.76,95.36,87.56
620,45.42,66.58,18.72,7.43,83.15,85.89,7.18,95.40,87.33
621,44.60,62.70,18.34,7.45,83.36,85.63,7.20,95.71,87.01
622,42.91,53.51,18.04,7.50,83.16,85.32,7.27,95.42,86.57
623,43.14,45.88,17.54,8.05,83.37,84.95,7.80,95.73,86.07
624,44.69,38.59,17.05,8.79,83.23,84.67,8.52,95.45,85.72
625,47.19,31.28,17.24,9.89,84.46,84.35,9.59,97.26,85.27
626,49.80,26.39,17.17,10.85,84.70,83.93,10.52,97.61,84.62
627,52.22,22.91,17.53,11.85,84.73,84.52,11.51,97.65,85.39
628,54.50,20.05,16.93,12.88,84.77,83.91,12.52,97.71,84.68
629,56.44,18.07,16.84,13.92,85.02,83.94,13.55,98.09,84.70
630,58.48,15.81,16.95,15.24,85.31,83.57,14.84,98.53,84.18
631,60.26,14.16,17.01,16.72,85.42,83.40,16.30,98.68,83.97
632,61.70,13.33,16.56,18.55,85.21,83.16,18.09,98.37,83.67
633,63.01,12.54,16.55,19.90,85.25,82.91,19.43,98.43,83.36
634,64.19,11.96,16.73,21.25,85.21,82.74,20.79,98.35,83.18
635,65.30,11.40,16.61,22.54,85.04,82.79,22.07,98.08,83.18
636,66.28,11.11,16.73,23.74,84.92,82.57,23.28,97.90,82.94
637,67.19,10.77,16.77,24.81,84.91,82.42,24.36,97.87,82.71
638,68.25,10.18,16.60,25.75,84.78,82.15,25.31,97.68,82.36
639,69.24,9.70,16.58,26.45,84.73,81.88,26.03,97.60,82.08
640,70.30,9.08,16.52,27.37,84.51,81.66,26.95,97.27,81.76
641,71.34,8.52,16.47,27.93,84.50,81.36,27.53,97.25,81.35
642,72.42,7.88,16.38,28.46,84.69,80.80,28.07,97.51,80.67
643,73.43,7.43,16.81,28.94,84.75,80.83,28.55,97.60,80.68
644,74.44,7.01,17.11,29.31,84.91,80.64,28.92,97.83,80.66
645,75.42,6.73,17.30,29.54,85.07,80.47,29.15,98.06,80.34
646,76.33,6.65,17.38,29.73,85.12,80.33,29.35,98.12,80.16
647,77.13,6.87,17.33,30.02,85.09,80.27,29.61,98.07,80.05
648,78.02,6.93,17.39,30.12,85.19,80.22,29.71,98.21,79.90
649,78.86,7.07,17.50,30.13,85.28,80.30,29.71,98.34,79.89
650,79.65,7.27,17.65,30.01,85.42,80.33,29.58,98.54,79.79
651,80.36,7.55,17.87,30.08,85.45,80.35,29.63,98.57,79.65
652,81.11,7.78,18.15,29.90,85.52,80.37,29.45,98.66,79.58
653,81.87,7.97,18.51,29.71,85.57,80.34,29.24,98.73,79.40
654,82.50,8.18,18.90,29.63,85.70,80.31,29.15,98.90,79.25
655,83.14,8.45,19.16,29.41,85.75,80.24,28.91,98.96,79.03
656,83.79,8.69,19.37,29.19,85.75,80.16,28.68,98.96,78.68
657,84.42,8.92,19.72,29.07,85.77,80.31,28.54,98.97,78.90
658,84.99,9.20,20.02,28.82,85.76,79.69,28.29,98.94,78.31
659,85.54,9.47,20.12,28.72,85.90,79.50,28.18,99.14,78.19
660,86.13,9.67,20.27,28.54,85.88,78.86,27.99,99.09,77.39
661,86.61,9.88,20.39,28.47,85.94,78.36,27.92,99.16,76.74
662,87.46,10.05,20.64,28.18,85.70,77.75,27.65,98.79,76.04
663,87.97,10.22,20.65,28.23,85.69,77.78,27.69,98.75,75.82
664,88.46,10.40,20.72,28.14,85.70,77.61,27.59,98.77,75.52
665,88.96,10.51,20.84,28.00,85.84,77.46,27.46,98.96,75.24
666,89.55,10.74,20.69,27.84,85.60,77.55,27.29,98.58,75.18
667,89.99,10.80,20.86,27.77,85.74,77.72,27.22,98.78,75.44
668,89.57,10.82,21.08,27.90,85.91,77.91,27.34,99.02,75.59
669,89.20,10.87,21.23,27.95,85.91,78.11,27.40,99.00,75.64
670,88.84,10.90,21.40,28.04,85.87,78.61,27.47,98.94,76.19
671,88.52,10.95,21.50,28.09,85.94,79.08,27.53,99.02,76.58
672,88.24,11.00,21.62,28.26,85.93,79.55,27.69,98.99,76.97
673,87.91,11.00,21.82,28.35,85.95,80.37,27.76,99.01,77.98
674,87.63,10.97,21.98,28.57,85.98,81.11,27.99,99.05,78.70
675,87.29,10.96,21.87,28.70,86.02,81.70,28.11,99.10,78.93
676,87.01,10.88,22.22,28.89,85.82,82.23,28.28,98.78,79.50
677,86.74,10.83,22.06,29.02,85.95,82.83,28.41,98.96,79.95
678,86.56,10.77,21.90,29.31,86.10,83.02,28.69,99.20,80.06
679,86.30,10.70,21.75,29.45,86.28,83.14,28.82,99.47,80.12
680,86.06,10.64,21.60,29.70,86.50,83.07,29.06,99.80,79.92
681,85.76,10.66,21.38,29.84,86.56,82.96,29.20,99.90,79.68
682,85.47,10.66,21.27,30.01,86.93,82.67,29.35,100.46,79.33
683,85.09,10.70,21.16,30.15,87.04,82.35,29.48,100.63,78.81
684,84.65,10.79,21.05,30.25,87.09,81.89,29.57,100.70,78.19
685,83.84,11.00,21.08,30.80,87.14,81.25,30.09,100.79,77.38
686,83.25,11.19,21.01,30.88,87.07,82.01,30.16,100.67,78.01
687,82.63,11.42,21.02,30.99,86.98,81.68,30.27,100.53,77.30
688,81.96,11.66,21.01,31.06,86.89,81.65,30.32,100.39,77.19
689,81.27,11.91,20.98,31.17,86.72,81.52,30.43,100.13,77.03
690,80.49,12.17,20.86,31.29,86.61,81.44,30.54,99.97,76.90
691,79.82,12.32,20.64,31.50,86.44,81.39,30.75,99.70,76.81
692,79.11,12.42,20.45,31.69,86.34,81.19,30.94,99.57,76.54
693,78.56,12.30,20.26,31.99,86.23,81.09,31.23,99.39,76.50
694,78.01,12.22,20.01,32.17,86.08,81.00,31.41,99.17,76.35
695,77.58,12.02,19.67,32.42,85.96,80.95,31.67,98.99,76.26
696,77.17,11.84,19.38,32.61,85.95,80.79,31.85,98.98,76.05
697,76.87,11.61,19.04,32.94,85.93,80.57,32.18,98.96,75.76
698,76.72,11.35,18.75,33.25,86.02,80.46,32.50,99.10,75.56
699,76.61,11.13,18.52,33.56,86.07,80.29,32.81,99.19,75.33
700,76.58,10.93,18.33,33.91,86.15,80.20,33.17,99.30,75.16
701,76.57,10.78,18.17,34.24,86.24,79.99,33.51,99.46,74.90
702,76.61,10.68,18.03,34.47,86.34,79.87,33.74,99.59,74.73
703,76.61,10.65,17.95,34.70,86.45,79.77,33.97,99.78,74.49
704,76.75,10.56,17.47,34.98,86.51,78.15,34.26,99.88,72.86
705,76.82,10.55,17.43,35.26,86.65,78.04,34.54,100.09,72.69
706,76.89,10.57,17.61,35.51,86.78,77.57,34.79,100.29,72.30
707,77.04,10.53,17.70,35.79,86.96,77.58,35.07,100.59,72.33
708,77.22,10.46,17.52,36.08,87.10,77.50,35.36,100.82,72.11
709,77.40,10.40,17.53,36.29,87.23,77.54,35.58,101.01,72.17
710,77.61,10.28,17.49,36.56,87.31,77.51,35.85,101.15,72.14
711,77.81,10.18,17.49,36.87,87.47,77.31,36.16,101.39,71.97
712,77.97,10.12,17.57,37.00,87.69,77.31,36.29,101.76,71.95
713,78.16,10.05,17.65,37.28,87.85,77.41,36.58,102.01,72.08
714,78.30,10.01,17.87,37.55,88.07,77.21,36.86,102.36,71.91
715,78.48,9.93,18.06,37.79,88.25,77.14,37.09,102.65,71.99
716,78.68,9.82,18.10,37.97,88.41,77.22,37.28,102.91,72.08
717,78.84,9.73,18.22,38.23,88.58,77.39,37.55,103.19,72.24
718,79.04,9.62,18.33,38.46,88.81,77.49,37.78,103.56,72.39
719,79.22,9.52,18.44,38.68,88.92,77.63,38.02,103.75,72.61
720,79.43,9.38,18.68,38.92,89.07,77.65,38.26,104.00,72.72
721,79.60,9.31,18.89,39.11,89.24,77.75,38.46,104.28,72.92
722,79.80,9.22,19.12,39.34,89.15,78.01,38.70,104.13,73.10
723,79.92,9.24,19.39,39.59,89.19,78.13,38.96,104.21,73.22
724,80.02,9.29,19.62,39.80,89.25,78.23,39.18,104.31,73.37
725,80.11,9.37,19.91,40.06,89.22,78.35,39.44,104.27,73.53
726,80.19,9.46,20.27,40.25,89.22,78.49,39.64,104.30,73.68
727,80.26,9.54,20.69,40.49,89.22,78.66,39.90,104.32,73.86
728,80.36,9.63,21.16,40.67,89.30,78.85,40.08,104.45,74.08
729,80.42,9.75,21.61,40.92,89.29,78.87,40.35,104.45,74.09
730,80.46,9.87,22.11,41.10,89.28,78.95,40.53,104.46,74.19
731,80.51,9.97,22.59,41.21,89.17,79.16,40.65,104.30,74.38
732,80.51,10.13,23.09,41.36,89.09,79.15,40.82,104.18,74.38
733,80.55,10.16,23.56,41.64,88.95,79.31,41.12,103.97,74.53
734,80.56,10.22,23.99,41.83,88.78,79.71,41.33,103.71,74.86
735,80.63,10.09,24.38,41.79,88.60,79.79,41.32,103.43,74.84
736,80.58,10.23,24.78,42.07,88.40,79.75,41.63,103.13,74.74
737,80.58,10.26,25.19,42.47,88.03,79.50,42.06,102.56,74.40
738,80.50,10.36,25.40,42.86,87.57,83.05,42.48,101.86,77.36
739,80.50,10.33,25.75,43.20,87.15,83.05,42.85,101.22,77.09
740,79.99,11.41,26.13,44.58,86.61,82.91,44.28,100.39,76.92
741,79.98,11.42,26.57,44.86,86.02,82.93,44.59,99.49,76.76
742,79.94,11.51,26.83,45.26,85.34,82.26,45.05,98.46,76.30
743,79.92,11.56,27.31,45.57,84.65,82.09,45.42,97.41,75.81
744,79.91,11.60,27.87,46.01,83.90,82.35,45.92,96.28,75.94
745,79.90,11.66,28.52,46.35,83.25,82.61,46.33,95.29,76.22
746,79.91,11.73,29.21,46.75,82.38,82.76,46.81,94.01,76.20
747,79.87,11.93,30.69,46.98,81.49,82.20,47.15,92.70,75.29
748,79.76,12.37,31.51,47.70,80.38,82.66,47.95,91.09,75.65
749,79.69,12.75,32.30,48.28,79.33,83.17,48.64,89.57,76.05
750,79.61,13.15,33.04,48.82,78.16,83.68,49.28,87.91,76.56
751,79.52,13.70,34.50,49.38,76.84,84.01,49.96,86.05,77.00
752,79.42,14.18,34.73,49.94,75.46,85.33,50.62,84.11,78.25
753,79.34,14.67,35.78,50.53,74.06,85.45,51.32,82.20,78.55
754,79.26,15.15,36.93,51.09,72.60,85.55,51.99,80.20,78.76
755,79.16,15.67,38.22,51.67,70.99,85.41,52.69,78.04,78.64
756,79.01,16.46,39.89,52.26,69.28,85.62,53.40,75.79,78.89
757,78.94,16.98,41.29,52.85,67.65,85.76,54.11,73.66,79.18
758,78.86,17.47,42.79,53.44,65.98,85.91,54.83,71.50,79.47
759,78.80,17.84,44.27,53.96,64.30,86.00,55.46,69.37,79.61
760,78.69,18.40,45.81,54.49,62.51,86.02,56.09,67.13,79.84
761,78.59,18.84,47.34,54.99,60.73,85.90,56.69,64.93,79.74
762,78.49,19.25,48.86,55.47,59.04,85.61,57.27,62.86,79.51
763,78.33,19.65,50.07,55.85,57.22,85.22,57.75,60.66,79.10
764,78.22,19.77,51.20,56.39,55.38,84.46,58.40,58.46,78.03
765,78.04,19.80,52.29,56.84,53.48,83.54,58.94,56.21,76.82
766,77.80,19.93,53.04,57.31,51.67,82.38,59.50,54.10,75.34
767,77.51,19.88,53.81,57.65,49.79,80.90,59.94,51.93,73.44
768,77.21,19.66,54.22,57.89,47.96,79.44,60.25,49.83,71.53
769,76.89,19.43,54.07,58.33,46.12,77.76,60.81,47.75,69.42
770,76.56,18.96,53.70,58.74,44.27,75.90,61.31,45.69,67.06
771,76.24,18.46,52.19,59.16,42.51,73.87,61.82,43.73,64.46
772,75.94,17.94,50.94,59.49,40.83,71.74,62.25,41.89,61.81
773,75.69,17.25,49.00,59.79,39.10,69.60,62.62,40.00,59.24
774,75.43,16.70,46.84,60.18,37.53,67.47,63.11,38.31,56.80
775,75.18,16.29,44.43,60.42,36.00,65.39,63.42,36.66,54.43
776,74.96,16.00,42.04,60.76,34.49,63.15,63.85,35.04,52.09
777,74.87,15.27,39.23,60.62,33.57,60.97,63.75,34.04,49.94
778,74.73,15.14,36.90,60.91,32.23,58.79,64.11,32.62,47.93
779,74.63,15.16,35.36,61.17,30.98,56.27,64.46,31.30,45.72
780,74.52,15.55,34.01,61.49,29.80,54.00,64.88,30.05,43.79
781,74.45,15.87,32.94,61.77,28.71,51.60,65.25,28.91,41.79
782,74.39,16.41,32.34,62.08,27.64,49.35,65.64,27.80,39.89
783,74.34,17.14,31.98,62.31,26.65,47.30,65.94,26.77,38.18
784,74.30,18.14,32.14,62.61,25.67,44.92,66.33,25.76,36.18
785,74.26,19.21,32.51,62.86,24.74,42.38,66.65,24.80,34.09
786,74.26,20.60,33.33,63.09,23.71,39.96,66.95,23.75,32.02
787,74.25,22.30,34.33,63.31,22.83,37.88,67.25,22.84,30.24
788,74.25,24.46,36.09,63.61,21.97,35.61,67.62,21.97,28.31
789,74.26,26.95,38.25,63.79,21.12,33.59,67.86,21.10,26.62
790,74.27,29.92,41.24,63.92,20.48,31.52,68.04,20.45,24.85
791,74.30,33.18,45.32,64.15,19.92,29.52,68.33,19.88,23.21
792,74.31,37.02,50.41,64.36,19.50,27.47,68.60,19.46,21.49
793,74.32,40.36,54.63,64.51,19.36,25.78,68.80,19.32,20.05
794,74.32,44.44,60.92,64.66,19.16,23.79,69.00,19.12,18.41
795,74.31,48.42,68.11,64.75,19.14,21.58,69.12,19.10,16.62
796,74.27,52.33,75.02,64.88,19.36,19.60,69.30,19.32,15.02
797,74.22,56.03,82.50,64.88,19.65,17.45,69.31,19.62,13.29
798,74.12,59.35,89.41,65.13,19.91,15.10,69.62,19.89,11.44
799,74.00,62.20,80.37,65.07,20.20,12.71,69.55,20.18,9.58
800,73.84,65.16,68.49,65.07,20.59,10.23,69.58,20.58,7.69
801,73.57,67.96,51.32,65.43,21.02,8.08,70.01,21.03,6.07
802,73.08,71.28,28.74,66.25,21.21,6.84,71.01,21.22,5.14
803,72.78,74.68,24.94,66.32,21.59,6.77,71.10,21.62,5.10
804,72.40,76.61,42.14,66.50,22.02,7.81,71.33,22.07,5.90
805,72.05,78.60,58.54,66.45,22.28,9.32,71.28,22.34,7.06
806,71.62,80.34,69.87,66.55,22.77,11.22,71.41,22.84,8.55
807,71.18,81.29,79.33,66.57,23.08,12.37,71.45,23.16,9.44
808,70.72,82.40,86.45,66.48,23.62,13.62,71.35,23.71,10.42
809,70.23,83.96,86.69,66.47,23.94,14.87,71.33,24.05,11.43
810,69.93,85.68,78.42,65.51,24.48,15.39,70.19,24.61,11.72
811,69.44,87.03,72.67,65.51,24.96,16.43,70.19,25.12,12.55
812,68.93,89.14,67.23,65.33,25.34,18.16,70.00,25.54,14.00
813,68.36,89.64,64.43,65.32,25.76,19.56,70.00,25.98,15.26
814,67.84,88.19,60.64,65.27,26.07,20.21,69.95,26.31,15.78
815,67.47,87.34,57.30,65.01,26.49,20.99,69.61,26.74,16.44
816,66.83,86.04,54.26,64.68,26.89,21.85,69.17,27.16,17.19
817,66.11,84.31,51.15,65.01,27.21,22.38,69.56,27.49,17.66
818,65.47,82.76,48.78,64.93,27.67,22.86,69.45,27.97,18.08
819,64.92,81.86,47.36,64.75,27.97,22.37,69.23,28.28,17.50
820,64.31,80.53,44.44,64.47,28.40,23.25,68.87,28.73,18.40
821,63.74,79.33,43.59,64.14,28.84,22.78,68.44,29.19,17.85
822,63.20,78.28,41.41,63.80,29.33,23.11,68.02,29.70,18.15
823,62.55,76.69,38.33,63.70,29.95,24.13,67.85,30.36,19.10
824,61.96,75.90,36.94,63.52,30.51,24.47,67.61,30.94,19.39
825,61.39,75.17,36.18,63.15,30.93,24.82,67.15,31.37,19.67
826,60.84,75.23,36.09,62.70,31.24,25.26,66.60,31.68,20.09
827,60.24,74.52,35.35,62.24,31.39,25.80,66.02,31.83,20.53
828,59.60,74.10,34.37,61.69,31.82,26.22,65.34,32.29,20.90
829,58.96,74.10,34.39,61.07,32.11,26.84,64.56,32.59,21.38
830,58.22,73.93,34.10,60.45,32.43,27.50,63.78,32.93,21.94
831,57.45,73.70,33.34,59.76,32.52,28.50,62.93,33.02,22.77
832,56.81,73.84,32.40,59.04,32.68,28.86,62.05,33.18,22.91
833,56.10,74.10,32.62,58.35,32.74,29.83,61.20,33.25,23.66
834,55.39,74.47,32.87,57.69,32.84,30.67,60.40,33.36,24.22
835,54.57,74.81,34.19,56.74,32.81,31.82,59.27,33.32,25.15
836,53.75,75.02,35.11,55.90,32.69,32.85,58.27,33.20,25.99
837,53.02,75.76,36.10,55.00,32.44,33.61,57.20,32.93,26.60
838,52.28,76.19,37.02,54.06,32.21,33.92,56.08,32.69,26.82
839,51.53,75.01,36.89,53.26,31.76,34.09,55.14,32.25,26.98
840,50.80,75.14,37.19,52.31,31.35,33.72,54.03,31.82,26.66
841,50.05,75.33,36.89,51.27,30.79,31.92,52.83,31.23,25.08
842,49.34,76.32,39.00,50.28,30.46,31.10,51.68,30.88,24.32
843,48.61,77.18,39.97,49.28,30.08,29.44,50.54,30.48,22.85
844,47.97,80.15,41.52,48.01,29.51,27.05,49.12,29.87,20.72
845,47.38,81.44,42.63,46.91,29.08,25.16,47.88,29.42,19.14
846,46.92,82.73,42.27,44.99,28.56,23.13,45.77,28.87,17.44
847,46.37,84.01,42.54,43.87,28.10,20.96,44.53,28.39,15.72
848,45.89,85.04,42.08,42.66,27.56,18.59,43.21,27.83,13.88
849,45.52,86.44,48.65,41.43,27.07,16.80,41.87,27.32,12.50
850,45.03,87.43,48.52,40.01,26.62,14.14,40.33,26.85,10.49
851,44.79,88.75,49.40,38.78,26.08,11.42,39.02,26.30,8.44
852,44.57,89.94,47.71,37.69,25.67,8.77,37.85,25.88,6.46
853,44.52,88.85,42.78,36.51,25.07,5.89,36.60,25.25,4.34
854,44.46,87.39,23.45,35.38,24.61,3.34,35.40,24.77,2.46
855,44.47,85.31,33.49,34.06,24.12,2.01,34.01,24.27,1.48
856,44.71,81.82,75.10,32.98,23.60,3.81,32.88,23.75,2.80
857,45.16,79.77,82.92,31.75,23.13,7.10,31.60,23.27,5.23
858,45.65,79.49,87.55,30.70,22.84,10.01,30.51,22.96,7.39
859,46.13,77.10,86.67,29.06,22.39,12.95,28.83,22.52,9.59
860,47.05,74.36,86.35,28.28,22.06,15.16,28.02,22.18,11.23
861,48.12,71.28,84.14,27.33,21.75,17.84,27.06,21.86,13.28
862,49.12,68.43,82.94,26.30,21.71,20.03,26.01,21.82,14.96
863,50.42,65.38,81.93,25.66,21.20,21.36,25.35,21.30,15.92
864,51.78,62.73,81.13,24.86,20.90,23.28,24.54,21.00,17.42
865,53.34,60.09,79.64,24.17,20.42,24.88,23.84,20.51,18.67
866,55.31,56.29,78.36,23.66,20.37,26.08,23.32,20.46,19.58
867,57.07,53.39,79.99,23.11,20.23,26.25,22.75,20.32,19.56
868,58.41,49.22,77.42,22.35,20.71,27.41,21.99,20.81,20.49
869,59.45,43.97,71.54,23.08,21.36,29.08,22.71,21.49,21.98
870,62.18,41.60,72.11,21.52,20.89,29.55,21.14,21.01,22.34
